Player,School,Conference goals,Conference assists,Conference points,Overall goals,Overall assists,Overall points
Ian Baetke,Neenah,11,4,26,13,6,32
Fenton Hirschi,Hortonville,9,7,25,9,12,30
Lungwe Ramadhani,Appleton East,8,3,19,9,3,21
Jacob Plutz,Hortonville,4,8,16,6,11,23
Noah Rindt,Hortonville,5,5,15,11,5,27
Evan Apostolou,Appleton North,4,5,13,5,6,16
Josiah Flores,Appleton North,6,0,12,7,1,15
Roman Glad,Hortonville,5,2,12,10,4,24
Alex Quezada,Appleton East,4,2,10,6,2,14
Levi Boegh,Appleton East,4,2,10,4,3,11
Ben Diedrich,Hortonville,3,4,10,6,6,18
Kolton Fleege,Neenah,4,2,10,10,2,22
Ivan Vera,Appleton East,3,3,9,4,3,11
Will Larson,Appleton East,2,5,9,2,5,9
Parker Brooks,Appleton North,3,2,8,5,2,12
Hunter Brown,Neenah,3,2,8,5,4,14
Dwyane Xiong,Appleton North,3,1,7,3,1,7
Lewis Mattingly,Appleton North,2,3,7,2,4,8
Knox Schneider,Appleton North,1,4,6,2,6,10
Evan Langkan,Hortonville,3,0,6,7,4,18
Ian West,Kaukauna,2,2,6,3,2,8
Elijah Randerson,Appleton North,2,1,5,2,2,6
Anthony Zanon,Hortonville,2,1,5,5,5,15
Zadyn Casey,Kaukauna,2,1,5,2,1,5
Christopher Perez Diaz,Appleton East,1,2,4,1,2,4
Bennett Vande Hey,Appleton North,2,0,4,3,1,7
Eli Carlson,Appleton North,1,2,4,2,3,7
Henry Martin,Appleton North,1,2,4,2,2,6
Ray Toonen,Appleton North,2,0,4,5,0,10
Caleb Schewe,Hortonville,2,0,4,2,0,4
Jordy Banda,Neenah,1,2,4,1,4,6
Anthony Jordan,Appleton East,1,1,3,1,1,3
Oliver Heinritz,Appleton East,1,1,3,2,1,5
Cal Greer,Appleton North,1,1,3,1,1,3
Connor Rindt,Hortonville,1,1,3,1,1,3
Thomas Bass,Kaukauna,1,1,3,1,1,3
Cooper Christie,Neenah,1,1,3,1,2,4
Brady Koplitz,Appleton East,0,2,2,1,2,4
Jasper Lewis,Appleton East,1,0,2,1,0,2
Kingston Xiong,Appleton East,1,0,2,1,0,2
Will Zachor,Appleton East,1,0,2,1,0,2
Luke Borchardt,Appleton North,0,2,2,1,3,5
Ashtyn Beidel,Hortonville,1,0,2,1,0,2
James Baker,Hortonville,0,2,2,0,2,2
Sawyer Davis,Hortonville,1,0,2,1,1,3
Bennett Stainton,Kaukauna,1,0,2,1,0,2
Landon Krautkramer,Kaukauna,0,2,2,1,5,7
Moses Yairwe,Kaukauna,1,0,2,3,1,7
Brode LaBarge,Neenah,0,2,2,0,3,3
Juan Alvarado,Neenah,1,0,2,2,0,4
Owen Van Zeeland,Neenah,0,2,2,1,2,4
Tyler Geschrei,Neenah,1,0,2,2,1,5
Cooper Austin,Appleton East,0,1,1,0,1,1
Zander Martin,Appleton East,0,1,1,0,1,1
Owen Ehr,Hortonville,0,1,1,0,1,1
Alvaro Covarrubias,Kaukauna,0,1,1,1,1,3
Braulio Alvarado Zarate,Neenah,0,1,1,0,1,1
Evan Glennon,Neenah,0,1,1,0,3,3
Owen Pire,Neenah,0,1,1,1,1,3
Antar Barquet,Appleton East,0,0,0,0,0,0
Chase Bonovich,Appleton East,0,0,0,0,0,0
Dylan Capelle,Appleton East,0,0,0,0,0,0
Evan Olsen,Appleton East,0,0,0,0,0,0
Jack Benz,Appleton East,0,0,0,0,0,0
Owen Teske,Appleton East,0,0,0,0,1,1
Preston Schefe,Appleton East,0,0,0,0,0,0
Ryan Espy,Appleton East,0,0,0,0,0,0
Tyson Wheaton,Appleton East,0,0,0,0,0,0
Ben Wilke,Appleton North,0,0,0,1,0,2
Carlos Santos,Appleton North,0,0,0,1,0,2
Caysen Leblanc,Appleton North,0,0,0,0,0,0
Eddie Murphy,Appleton North,0,0,0,0,0,0
Everett Van Groll,Appleton North,0,0,0,0,0,0
Marcus Marconi,Appleton North,0,0,0,0,0,0
Owen Pack,Appleton North,0,0,0,0,0,0
Yael Uriostegui,Appleton North,0,0,0,1,0,2
Yair Uriostegui,Appleton North,0,0,0,0,0,0
David Grasse,Hortonville,0,0,0,0,0,0
Eli Ryan,Hortonville,0,0,0,0,0,0
Mason Lyons,Hortonville,0,0,0,1,0,2
Aiden Ferrier,Kaukauna,0,0,0,0,0,0
Alain Albarran,Kaukauna,0,0,0,0,0,0
Dylan Wojcik,Kaukauna,0,0,0,0,0,0
Eli Rayer,Kaukauna,0,0,0,0,0,0
Everett Gillis,Kaukauna,0,0,0,0,0,0
Holden Smith,Kaukauna,0,0,0,1,1,3
Logan Laabs,Kaukauna,0,0,0,0,0,0
Mason Sewall,Kaukauna,0,0,0,0,0,0
Ty Tripp,Kaukauna,0,0,0,0,0,0
Zac Vosters,Kaukauna,0,0,0,0,0,0
Cristian Ortiz,Neenah,,,,0,1,1
Joseph Buttron,Neenah,,,,1,0,2
Oliver Peterka,Neenah,0,0,0,0,0,0
