"asset","sha256","source_references","rights_status","owner","license_or_permission_evidence","student_or_subject_permission"
"public/coaches/andy-montalbano.jpg","4235a07c8e1df23b272c74822e4e987fe5cd0c0653fad5878294a8032d92860c","app/coaching-records/page.tsx; components/coaches-section.tsx","UNVERIFIED","","",""
"public/coaches/gary-ruhle.jpg","208c047dc425ed9e3c174fd9881028afbccc0452acb393f760a27ce3dee26c10","app/coaching-records/page.tsx; components/coaches-section.tsx","UNVERIFIED","","",""
"public/coaches/paul-everett.jpg","dc2b1762982d72c673a8db2b9f771acf6cc7c63bbbbc67e740025bdb8ef0c3ab","app/coaching-records/page.tsx; components/coaches-section.tsx","UNVERIFIED","","",""
"public/images/akin-field-2009-grass.jpg","0a53d04be1d05bb1ff58318297606ae4367ef32ddb45a2c00c61f119ab509a65","components/field-locations.tsx","UNVERIFIED","","",""
"public/images/akin-field-2018-aerial.jpg","6c58d29a2d755d93ef5d6125377f96cc9e7f830ab7a3c1ff050346063da37db8","components/field-locations.tsx","UNVERIFIED","","",""
"public/images/akin-field-stadium-aerial.jpg","d1da0fd50d4ea1cb08a34e85f7ce775df71397829ff7f252f952c1628d77b04b","","UNVERIFIED","","",""
"public/images/commercial-club-field-aerial.jpg","3bf199022da33f0eae41a946b0424cf0d5cad3aacb45b187866e7c6df7dc9822","","UNVERIFIED","","",""
"public/images/commercial-club-field-annotated.jpg","0c0f8c561ecf0bcf8ff6b8ecd4dfb16f3ab3fd242a8f7d680e68e57ba483006e","components/field-locations.tsx","UNVERIFIED","","",""
"public/images/field-locations-aerial.png","2f5221dd802447e12f522412e43d01a51d3c1c2f738ce73f2de4c12118c1b676","components/field-locations.tsx","UNVERIFIED","","",""
"public/images/fva-championship-banners-2025-2026.png","4c111292ee0dd113f73f035ffd059108f9dbc4890d8449249b37143bc127ee9f","components/conference-championship-highlight.tsx","UNVERIFIED","","",""
"public/images/HHS_Ranked_Week5.png","6f49349dd6275ff78edd89fe22b5825937eb8e2f9a6d8c3e91fef547fa65ba18","","UNVERIFIED","","",""
"public/images/Hortonville Soccer Ranking Week 6.png","6822247403d5a3a53c65dd6928a9a2c79a057dc2ed2d2f71c0d69d913437485e","components/state-ranking-highlight.tsx","UNVERIFIED","","",""
"public/images/hortonville-wsca-week-3-2026.png","d4d9b9577d0e6b7c2f79dc4a2b432e7c1204e6d01f1d3ff2533768efe84b83e2","","UNVERIFIED","","",""
"public/images/hortonville-wsca-week-4-2026.png","20d1dc52e7f33bf458ab821012399c1152dbc9dc949d6b18ecb0964b1e2c024e","","UNVERIFIED","","",""
"public/images/middle-school-field-aerial.jpg","07b3404e72aad7939eefdfa9292aefa66b1b8688d4ca779476843638d8ff69a7","components/field-locations.tsx","UNVERIFIED","","",""
"public/logos/cooper-kimberly.png","d0a817b94766f5f68b8497fe5f13dc0c3577d5f87e602583e1858aea2e487e83","lib/render-player-card.ts","UNVERIFIED","","",""
"public/logos/cooper-uww-transparent.png","19e5b32d2fd71666904a6a4a6ad3af4124a8f5cb7355372f49aa75c6a4e53298","lib/render-player-card.ts","UNVERIFIED","","",""
"public/logos/cooper-uww.png","d597b2e14fd6bc069386b7ca65c082880a49a97fd96143e69e56b7b5ded5dfe0","","UNVERIFIED","","",""
"public/logos/h-bear-logo.png","5709590baaca7bdd05884a509ef9ce7f366860224a38d43027d3e0d1373d9239","components/history-preview.tsx; components/logo-evolution.tsx; components/timeline.tsx","UNVERIFIED","","",""
"public/logos/junior-polar-bears-logo.png","dd039957486575138e665d2c2c5455130f192162bd4aa5e4fc41828f5d59e74e","components/logo-evolution.tsx; components/timeline.tsx","UNVERIFIED","","",""
"public/logos/marco-snc-transparent.png","ebfdc5ebd0c47cad878645846df9449b3a1ab0571e1e59a31bcb8eeb3596c826","lib/render-player-card.ts","UNVERIFIED","","",""
"public/logos/modern-bear-logo-white-fill.png","0478f9df2aa3c631b430c8687ce1c192205de31ed2780f139d891f98a7d4b7f5","components/footer.tsx; components/hero.tsx; components/history-preview.tsx; components/logo-evolution.tsx; components/navigation.tsx; components/red-room-trigger.tsx; components/timeline.tsx; lib/render-player-card.ts","UNVERIFIED","","",""
"public/logos/modern-bear-logo.png","5198cbe604694675090858debcfbc36689c57c14e71d88fb71ec438461e75852","","UNVERIFIED","","",""
"public/logos/vintage-soccer-logo.png","18e2a2023e42f93b2621159e91d7294f0cca011bd2e5547ec17f09e2d100e780","components/history-preview.tsx; components/logo-evolution.tsx; components/timeline.tsx","UNVERIFIED","","",""
"public/male-coach-portrait.jpg","a1ec3b3be7ed35f536440097ec9db568c4cec5ba8c481aac5ac8fe4772f8cd45","","UNVERIFIED","","",""
"public/outdoor-soccer-field.jpg","a892449b13c5bb0567b94fb011cb2dd00bcf6e6ae79cd6416f64b848fed7ea80","","UNVERIFIED","","",""
"public/placeholder-logo.png","d7c39d978af643ba9525de6fb8171e0f834882db4110c82ecad0df3f4f69551a","","UNVERIFIED","","",""
"public/placeholder-logo.svg","19a9e968f4656d52a4c249b4056117ad109370ba9da51cdc630ddded74cec73b","","UNVERIFIED","","",""
"public/placeholder-user.jpg","22be067d748175598a5e00123902f5c8332dd7f101de03dfb92ec08d85bb5e53","","UNVERIFIED","","",""
"public/placeholder.jpg","14be0c7aa11cca1e78f0966176b286a6d36d00ec64be027775dfeb33d8e2dfdf","","UNVERIFIED","","",""
"public/placeholder.svg","64badf7aabda0b9630b87020ffb6095cb858ccbcf66b355c2aa08b1063954d3b","components/coaches-section.tsx; components/logo-evolution.tsx; components/timeline.tsx","UNVERIFIED","","",""
"public/red-room/archive-keeper-coach-andy.png","853bb3c2709f889a9ac22c8c94b53d0df28303babe1da833c9967a6106bc03b4","components/red-room/red-room-app.tsx","UNVERIFIED","","",""
"public/red-room/soccer-ball.svg","7eea2a3806d472674975e4cc6d3a2fc88bca7756039d0e413bca0fd7f75a9300","components/red-room/red-room-app.tsx","UNVERIFIED","","",""
"public/scouting/appleton-north.png","36a969a1e3e0e9a8f46e3d9c80928f7842b02bd16f1cca7fb15c3fdda213daf8","data/coachs-corner/scouting/reports.json","UNVERIFIED","","",""
"public/scouting/bay-port.gif","65b9e387053dc3b0e33c46ac06a020306786e0048e2c5cbd29b8d7f558a9dc4d","data/coachs-corner/scouting/reports.json","UNVERIFIED","","",""
"public/scouting/de-pere.png","126035a05e335a5d96c446049a0522d59b729fe1216ca4426e881be5ac7a9686","data/coachs-corner/scouting/reports.json","UNVERIFIED","","",""
"public/scouting/eau-claire-memorial.png","b88278a940869f73efa16de5dc6ce3701a484af3eaab5c971863d6e3a71c3f97","data/coachs-corner/scouting/reports.json","UNVERIFIED","","",""
"public/scouting/hudson.png","d07f029ad8fd1fa01770554578182b0e8d90e0b51571cfc14fedc9c2db19c566","data/coachs-corner/scouting/reports.json","UNVERIFIED","","",""
"public/scouting/kimberly.png","20020e289fee4b334b97bd4348b751f27363523e4fb8e8e802cea4ea935c2eb6","data/coachs-corner/scouting/reports.json","UNVERIFIED","","",""
"public/scouting/preble.png","e85b7e9016e75d75b83220cac66efd8ab1e2367595081e349f45f5b0c72e7a93","data/coachs-corner/scouting/reports.json","UNVERIFIED","","",""
"public/soccer-awards-ceremony.jpg","eb8b1a96a2284dd770175ce9ada7312d90641f62591d332782ebd27f0a18e504","","UNVERIFIED","","",""
"public/soccer-celebration.png","c0c41069b341d349a34ded2ad9f9364fbb6aaa4d3046aecdc3eb432642546b55","","UNVERIFIED","","",""
"public/soccer-coach-portrait.png","94b8cc0d38d91c7be76929f4198a6f9b2529a0e857b498b77bdd85b4c0e33c1f","","UNVERIFIED","","",""
"public/soccer-field.png","46dce30eccaa3b895a82ad5feb2e70aced93ddb1756924b92b738064e0c70e3b","","UNVERIFIED","","",""
"public/soccer-goal-celebration.png","b12c896e18bea7d106677810d879368d77e7ddc9e6c47190b8919aa2d094f5f3","","UNVERIFIED","","",""
"public/soccer-match-moment.jpg","6cb5f36cbdb6da28d1113ad6869412c9ff43127ef60e0dda416c8a33d2c24640","","UNVERIFIED","","",""
"public/soccer-team-lineup.jpg","70c2b9cf54f85ed4dd8320feebe7dd593f533c2e33f7aef28728837a0fc84c7a","","UNVERIFIED","","",""
"public/youth-soccer-team-photo.jpg","253ca4a98f81d3a7daef20898150eeab36b451f6ebac661b80086ee29b0f16b9","","UNVERIFIED","","",""
